{"cameraMode":{"drawMode":0,"name":"Shaded","section":"Shading Mode"},"sceneLighting":true,"audioPlay":false,"sceneViewState":{"m_AlwaysRefresh":false,"showFog":true,"showSkybox":true,"showFlares":true,"showImageEffects":true,"showParticleSystems":true,"showVisualEffectGraphs":true,"m_FxEnabled":true},"in2DMode":false,"pivot":{"x":6.881248474121094,"y":11.862082481384278,"z":-12.899953842163086},"rotation":{"x":-0.4468635022640228,"y":0.04264255613088608,"z":-0.02133144624531269,"w":-0.8933643698692322},"size":1.8228329420089722,"orthographic":false}